Product_Type	Keywords	Store_ID	Product_ID_Type	Product_ID	Name	Description	Image_URL	Original_Price	Sale_Price	Currency	Full_URL	ext_attributes
retail_product	Digital Marketing,Strategy	amazon	ISBN-13	978-0749484224	Digital Marketing Strategy: An Integrated Approach to Online Marketing 2nd Edition		https://images-na.ssl-images-amazon.com/images/I/51V31OVffoL._SX331_BO1,204,203,200_.jpg	39.95	31.23	USD	https://www.amazon.com/gp/product/0749484225/	{"product_category":"book"}
retail_product	Marketing,AI	amazon	ISBN-13	978-1704534541	The Truth About Predictive Marketing Automation: A Complete Guide to Strategy & Execution		https://m.media-amazon.com/images/I/41LX1H47d+L.jpg	19.95	19.95	USD	https://www.amazon.com/Truth-About-Predictive-Marketing-Automation-ebook/dp/B07Z466G47/	{"product_category":"book"}
retail_product	Artificial Intelligence,AI	amazon	ISBN-13	978-1484250273	Artificial Intelligence Basics: A Non-Technical Introduction		https://images-na.ssl-images-amazon.com/images/I/41HoaybH+tL._SX327_BO1,204,203,200_.jpg	34.99	22.99	USD	https://www.amazon.com/Artificial-Intelligence-Basics-Non-Technical-Introduction/dp/1484250273	{"product_category":"book"}
retail_product	Storytelling,Data	amazon	ISBN-13	978-1119002253	Storytelling with Data		https://images-na.ssl-images-amazon.com/images/I/41WsfBz6wRL._SX399_BO1,204,203,200_.jpg	27	27	USD	https://www.amazon.com/Storytelling-Data-Visualization-Business-Professionals/dp/1119002257/	{"product_category":"book"}
retail_product	Innovation,Smart City	amazon	ISBN-13	978-1787696143	Smart Cities: Introducing Digital Innovation to Cities		https://images-na.ssl-images-amazon.com/images/I/51HZjX59F2L._SX330_BO1,204,203,200_.jpg	26	26	USD	https://www.amazon.com/Smart-Cities-Introducing-Digital-Innovation/dp/1787696146/	{"product_category":"book"}
retail_product	Data Science,Big Data,Machine Learning	amazon	ISBN-13	978-1633430037	Introducing Data Science: Big Data, Machine Learning, and more, using Python tools		https://images-na.ssl-images-amazon.com/images/I/41-WsK0YMpL._SX397_BO1,204,203,200_.jpg	28.24	28.24	USD	https://www.amazon.com/Introducing-Data-Science-Machine-Learning/dp/1633430030/	{"product_category":"book"}
retail_product	MBA,Leadership	amazon	ISBN-13	978-0241386682	The Visual MBA: A Quick Guide to Everything You’ll Learn in Two Years of Business School		https://images-na.ssl-images-amazon.com/images/I/41bllP6Mr+L._SY344_BO1,204,203,200_.jpg	20.79	20.79	USD	https://www.amazon.com/Visual-MBA-Shortcut-World-Class-Education/dp/0241386683/	{"product_category":"book"}
retail_product	MarTech, Marketing, Philip Kotler	amazon	ISBN-13	978-1119668510	Marketing 5.0: Technology for Humanity		https://images-na.ssl-images-amazon.com/images/I/515LVK-wccL._SX334_BO1,204,203,200_.jpg	15.99	15.99	USD	https://www.amazon.com/Marketing-5-0-Philip-Kotler/dp/1119668514/	{"product_category":"book"}
retail_product	Leadership	amazon	ISBN-13	978-1472967244	The Social CEO: How Social Media Can Make You A Stronger Leader		https://images-na.ssl-images-amazon.com/images/I/41md9DSghbL._SX317_BO1,204,203,200_.jpg	28	19.69	USD	https://www.amazon.com/Social-CEO-Media-Stronger-Leader/dp/1472967240/	{"product_category":"book"}
retail_product	Network Economy,Strategy	amazon	ISBN-13	978-0875848631	Information Rules: A Strategic Guide to the Network Economy		https://images-na.ssl-images-amazon.com/images/I/41184IZMFqL._SX327_BO1,204,203,200_.jpg	40	25.11	USD	https://www.amazon.com/Information-Rules-Strategic-Network-Economy/dp/087584863X/	{"product_category":"book"}
retail_product	Smart City	amazon	ISBN-13	978-0262038959	Inventing Future Cities (The MIT Press)		https://images-na.ssl-images-amazon.com/images/I/51wbau9XnhL._SX336_BO1,204,203,200_.jpg	12.36	12.36	USD	https://www.amazon.com/Inventing-Future-Cities-MIT-Press/dp/0262038951/	{"product_category":"book"}
retail_product	Digital Marketing	amazon	ISBN-13	978-1119265702	The Art of Digital Marketing: The Definitive Guide to Creating Strategic, Targeted, and Measurable Online Campaigns		https://images-na.ssl-images-amazon.com/images/I/511S8yc14kL._SX346_BO1,204,203,200_.jpg	50	27.5	USD	https://www.amazon.com/Art-Digital-Marketing-Definitive-Measurable/dp/1119265703/	{"product_category":"book"}
retail_product	Content Marketing, Digital Marketing, Marketing Strategy	amazon	ISBN-13	978-9354069925	The One-Page Content Marketing Blueprint: Step by Step Guide to Launch a Winning Content Marketing Strategy in 90 Days or Less and Double Your Inbound Traffic, Leads, and Sales		https://images-na.ssl-images-amazon.com/images/I/41Gkpqad53L._SX312_BO1,204,203,200_.jpg	23.99	5.53	USD	https://www.amazon.com/One-Page-Content-Marketing-Blueprint-Strategy/dp/9354069924	{"product_category":"book"}
retail_product	Digital Marketing,Big Data, CDP, Customer Data Platform	amazon	ISBN-13	978-1119790112	Customer Data Platforms: Use People Data to Transform the Future of Marketing Engagement		https://images-na.ssl-images-amazon.com/images/I/41gUgegbS3L._SX336_BO1,204,203,200_.jpg	25	20.3	USD	https://www.amazon.com/Customer-Data-Platforms-Transform-Engagement/dp/1119790115/	{"product_category":"book"}
retail_product	Machine Learning	amazon	ISBN-13	978-1492045113	Building Machine Learning Powered Applications: Going from Idea to Product		https://images-na.ssl-images-amazon.com/images/I/51F5NarlBxL._SX379_BO1,204,203,200_.jpg	59.99	43.7	USD	https://www.amazon.com/Building-Machine-Learning-Powered-Applications/dp/149204511X	{"product_category":"book"}
retail_product	Behavioral Data Analysis, Python, Customer-Driven Data, Customer Analytics	amazon	ISBN-13	978-1492061373	Behavioral Data Analysis with R and Python: Customer-Driven Data for Real Business Results		https://images-na.ssl-images-amazon.com/images/I/41I64I5MOqS._SX379_BO1,204,203,200_.jpg	69.99	69.99	USD	https://www.amazon.com/Behavioral-Data-Analysis-Python-Customer-Driven/dp/1492061379	{"product_category":"book"}
retail_product	Customer Analytics	amazon	ISBN-13	978-1118937594	Customer Analytics For Dummies		https://images-na.ssl-images-amazon.com/images/I/51lqtrcOVfL._SX397_BO1,204,203,200_.jpg	2.93	2.93	USD	https://www.amazon.com/Customer-Analytics-Dummies-Jeff-Sauro/dp/1118937597/	{"product_category":"book"}
retail_product	Digital transformation	amazon	ISBN-13	978-1119433743	Digital @ Scale: The Playbook You Need to Transform Your Company		https://images-na.ssl-images-amazon.com/images/I/51ITOtPpQ7L._SX329_BO1,204,203,200_.jpg	29.95	29.95	USD	https://www.amazon.com/Digital-Scale-Playbook-Transform-Company/dp/1119433746/	{"product_category":"book"}
retail_product	Android Programming	amazon	ISBN-13	978-1800563438	Android Programming for Beginners: Build in-depth, full-featured Android apps starting from zero programming experience, 3rd Edition		https://images-na.ssl-images-amazon.com/images/I/410-wHKoleL._SX404_BO1,204,203,200_.jpg	44.99	44.99	USD	https://www.amazon.com/Android-Programming-Beginners-depth-full-featured-dp-1800563434/dp/1800563434/	{"product_category":"book"}
retail_product	Digital Communication	amazon	ISBN-13	978-9063695187	23 Innovations in Digital Communication: Move Beyond Speculations and Master Mediated Communication		https://images-na.ssl-images-amazon.com/images/I/41NGRgwWKaS._SX398_BO1,204,203,200_.jpg	45	5.53	USD	https://www.amazon.com/gp/product/9063695187/	{"product_category":"book"}
retail_product	Khoa Học Cơ Bản	netabooks	item_ID	42153	Thực Tại Không Như Ta Tưởng: Hành Trình Đến Hấp Dẫn Lượng Tử		https://www.netabooks.vn/Data/Sites/1/Product/42153/thuc-tai-khong-nhu-ta-tuong-hanh-trinh-den-hap-dan-luong-tu.jpg	6.53	5.23	USD	https://www.netabooks.vn/thuc-tai-khong-nhu-ta-tuong-hanh-trinh-den-hap-dan-luong-tu	{"product_category":"book"}
retail_product	Vật lý lượng tử,tư tưởng Phật giáo,Nguyễn Tường Bách	netabooks	item_ID	42770	Lưới Trời Ai Dệt - Tiểu Luận Về Khoa Học Và Triết Học		https://www.netabooks.vn/Data/Sites/1/Product/42770/luoi-troi-ai-det-tieu-luan-ve-khoa-hoc-va-triet-hoc.jpg	12.12	10.3	USD	https://www.netabooks.vn/luoi-troi-ai-det-tieu-luan-ve-khoa-hoc-va-triet-hoc	{"product_category":"book"}
retail_product	vật lý, triết học, đạo học,Fritjof Capra	netabooks	item_ID	25168	Đạo Của Vật Lý - Fritjof Capra		https://www.netabooks.vn/Data/Sites/1/Product/25168/dao-cua-vat-ly.jpg	8.67	7.37	USD	https://www.netabooks.vn/dao-cua-vat-ly	{"product_category":"book"}
retail_product	triết học, sách phổ thông	netabooks	item_ID	42964	Triết Học - Tất Cả Những Điều Cần Biết Để Thông Thạo Bộ Môn Này		https://www.netabooks.vn/Data/Sites/1/Product/42964/triet-hoc-tat-ca-nhung-dieu-can-biet-de-thong-thao-bo-mon-nay.jpg	13.59	10.87	USD	https://www.netabooks.vn/triet-hoc-tat-ca-nhung-dieu-can-biet-de-thong-thao-bo-mon-nay	{"product_category":"book"}
retail_product	self-help, sách giải nghiệm cuộc đời, giải nghiệm cuộc đời, the algebra of happiness, scott galloway	fahasa	ISBN-13	8935278606321	Giải Nghiệm Cuộc Đời		https://cdn0.fahasa.com/media/flashmagazine/images/page_images/giai_nghiem_cuoc_doi/2022_08_31_10_48_54_1-390x510.jpg	150000	97500	VND	https://www.fahasa.com/giai-nghiem-cuoc-doi.html	{"product_category":"book"}
